{
  "about": {
    "cleanerPortrait": {
      "src": "/assets/cleaner-portrait.jpg",
      "width": 400,
      "height": 500,
      "hint": "cleaner portrait"
    }
  },
  "footer": {
    "logo": {
      "src": "/assets/been-footer-logo.png",
      "width": 160,
      "height": 40,
      "hint": "company logo"
    }
  },
  "header": {
    "logo": {
      "src": "/assets/been-logo.png",
      "width": 160,
      "height": 48,
      "hint": "company logo"
    }
  },
  "hero": {
    "cleaning": {
      "src": "/assets/hero-cleaning.jpg",
      "width": 512,
      "height": 682,
      "hint": "cleaning equipment"
    }
  },
  "services": {
    "residential": {
      "src": "/assets/service-residential.jpg",
      "hint": "clean living room"
    },
    "commercial": {
      "src": "/assets/service-commercial.jpg",
      "hint": "clean office"
    },
    "deep": {
      "src": "/assets/service-deep.jpg",
      "hint": "deep cleaning"
    },
    "windows": {
      "src": "/assets/service-windows.jpg",
      "hint": "window cleaning"
    },
    "vehicle": {
      "src": "/assets/service-vehicle.jpg",
      "hint": "car interior"
    },
    "eco": {
      "src": "/assets/service-eco.jpg",
      "hint": "eco products"
    }
  }
}